feature,f_score,p_value
B04_median,263.87032476677314,0.0
B03_median,260.49971434646363,0.0
B03_q25,242.5760358904807,0.0
B08_q25,224.72846827880528,0.0
B08_median,217.62518637707356,0.0
B04_q25,205.19261253439822,0.0
B12_median,191.01187487222901,0.0
B08_month_07_mean,179.415142647238,0.0
valid_observation_count,166.68196821874272,0.0
missing_rate,166.64132973552447,0.0
B05_median,166.47978260494966,0.0
B08_month_03_mean,163.1232897248749,0.0
B02_q25,160.04600066675522,0.0
B05_q25,159.8460018099234,0.0
B02_median,153.18431776203124,0.0
B12_month_08_mean,152.25950982128398,0.0
B08_month_08_mean,151.08290210247617,0.0
B12_q25,148.19134652747297,0.0
B11_median,147.2272018354135,0.0
B12_month_07_mean,144.1439450334785,0.0
B11_month_08_mean,138.8252058089997,0.0
ndwi_min,134.93472936870072,0.0
ndvi_max,134.2968784461934,0.0
B08_mean,134.02619447367235,0.0
B11_q25,128.74142728110598,0.0
B11_month_07_mean,124.61559470406748,0.0
B03_month_07_mean,123.91622283707727,0.0
B08_month_06_mean,123.6763196756103,0.0
B03_month_06_mean,119.78061055891628,0.0
B02_month_07_mean,118.71035021153683,0.0
B06_q25,118.5818751539533,0.0
B04_month_06_mean,118.37267853044463,0.0
B12_month_06_mean,114.46713505421206,0.0
B04_month_07_mean,113.09826252098365,0.0
B02_month_06_mean,111.78310232116493,0.0
ndvi_std,111.60939594329064,0.0
B12_month_05_mean,111.37487554672308,0.0
B07_q25,104.87599270655922,0.0
B11_month_06_mean,104.34079120039019,0.0
B8A_q25,98.13763302084762,0.0
B08_month_02_mean,96.2200649857902,0.0
B04_month_08_mean,96.0401349579988,0.0
B06_median,95.85377137775906,0.0
B12_mean,92.82195900041542,0.0
B04_min,92.75224426865256,0.0
B07_month_07_mean,92.2809569770901,0.0
B04_mean,92.23862144733563,0.0
B04_month_02_mean,91.19538389777502,0.0
B12_month_09_mean,91.04321457736167,0.0
B03_min,89.87617163234755,0.0
B11_month_09_mean,89.68621570070081,0.0
B02_month_02_mean,88.47546644938828,0.0
B05_month_06_mean,88.1416978797419,0.0
B07_median,87.76677599425564,0.0
B03_month_02_mean,87.56767965294748,0.0
B8A_month_07_mean,86.04975763620803,0.0
B11_month_05_mean,86.0326206726806,0.0
B11_mean,85.25134274798215,0.0
B06_month_07_mean,85.07998955552964,0.0
B02_month_11_mean,84.27042928097869,0.0
B04_month_04_mean,84.12332533298841,0.0
B02_month_04_mean,83.78858155388816,0.0
ndvi_mean,83.36749679065984,0.0
B05_month_07_mean,83.23198979405721,0.0
B8A_median,82.90666865528765,0.0
ndwi_std,81.24760718874052,0.0
B03_month_04_mean,81.0220295787127,0.0
B8A_month_03_mean,80.5332198775501,0.0
B08_iqr,80.21117860312408,0.0
B08_month_11_mean,79.23781225443508,0.0
B03_month_11_mean,79.18920686771146,0.0
B07_month_03_mean,78.63490435038133,0.0
B11_month_11_mean,78.34862901060666,0.0
B08_month_09_mean,78.31126934554464,0.0
B11_month_03_mean,78.25478434518993,0.0
B06_month_06_mean,77.23610915364225,0.0
B12_month_03_mean,77.09597625144279,0.0
B11_month_10_mean,76.30013114936527,0.0
B07_month_08_mean,75.57198225941471,0.0
B12_month_10_mean,74.28547406523374,0.0
B07_month_06_mean,73.44887283491242,0.0
B8A_month_08_mean,73.38525522859078,0.0
B12_month_11_mean,71.97930513851651,0.0
B8A_month_06_mean,69.99591930159885,0.0
B04_month_11_mean,69.9688882925838,0.0
B05_month_08_mean,69.64435700023863,0.0
B06_month_03_mean,69.19437203949286,0.0
B08_month_04_mean,68.14578173311966,0.0
B11_q75,67.84745313199855,0.0
B02_min,67.715319745424,0.0
B08_month_10_mean,66.00782000193423,0.0
B08_std,65.25255374050053,0.0
B03_mean,65.20228968756233,0.0
B12_month_04_mean,65.09480104045028,0.0
B10_month_12_mean,62.408824325639856,0.0
B12_min,61.596971205541664,0.0
B04_month_12_mean,61.30300096699549,0.0
B08_month_05_mean,61.1309556523291,0.0
B10_month_06_mean,60.70225793856038,0.0
B06_month_11_mean,60.1790008218096,0.0
B06_month_08_mean,59.995137165851645,0.0
B05_month_04_mean,59.80135793279711,0.0
B05_month_02_mean,59.533918776556646,0.0
B02_month_12_mean,59.48483139728709,0.0
B03_month_08_mean,59.08941732669762,0.0
B07_month_11_mean,58.50687199239138,0.0
B04_month_01_mean,58.01189180146325,0.0
B05_min,57.56306018131152,0.0
B03_month_12_mean,57.33239352930522,0.0
B11_min,57.265961942637624,0.0
B03_month_03_mean,56.83088201227319,0.0
B05_month_11_mean,56.73628101852325,0.0
B02_month_01_mean,56.428199375877995,0.0
B04_month_03_mean,55.806832342441005,0.0
B02_month_03_mean,54.755305277188484,0.0
B12_month_02_mean,53.88064354174116,0.0
ndvi_min,53.47489301307573,0.0
B06_month_02_mean,53.0134227766343,0.0
B03_month_01_mean,52.381488581538825,0.0
B8A_month_11_mean,51.83912920547276,0.0
B07_month_02_mean,51.086847449371355,0.0
B12_month_12_mean,51.01462451680821,0.0
B8A_month_02_mean,50.07512740859943,0.0
B8A_iqr,49.81555014077285,0.0
B01_month_11_mean,48.42137183431097,0.0
B07_iqr,48.261670504125625,0.0
ndwi_max,48.170718680053035,0.0
B11_month_02_mean,47.937999850255764,0.0
B04_month_09_mean,47.56782683305141,0.0
ndwi_mean,47.1004176782519,0.0
B11_month_12_mean,47.0727842454619,0.0
B11_month_04_mean,46.862096782029006,0.0
B04_month_05_mean,46.23851373536329,0.0
B08_q75,45.662468132527074,0.0
B06_iqr,45.29132944731105,0.0
B06_month_04_mean,44.7260422115163,0.0
nbr_std,44.68480478385928,0.0
B10_month_04_mean,44.54644061662678,0.0
B09_month_12_mean,43.93605483549214,0.0
B03_month_09_mean,43.7553802955273,0.0
B12_month_01_mean,43.39323407442022,0.0
B8A_month_09_mean,43.0434826927324,0.0
B10_month_02_mean,42.9445638582496,0.0
B07_month_09_mean,42.8959139586925,0.0
B08_month_01_mean,41.74254696351114,0.0
B01_month_04_mean,41.72303607988348,0.0
B04_iqr,41.70790512507055,0.0
B10_min,41.53576143852211,0.0
B08_month_12_mean,41.42997492897011,0.0
B02_month_08_mean,41.32676628840247,0.0
B09_month_04_mean,40.71054614746804,0.0
B07_month_04_mean,40.4185622299502,0.0
B05_month_12_mean,40.404622716715814,0.0
B04_std,40.390806723596604,0.0
B05_mean,40.25461390398998,0.0
B01_month_12_mean,40.032863242568496,0.0
B06_month_09_mean,39.99412470298713,0.0
B8A_mean,39.80989753528087,0.0
nbr_mean,39.6827142364728,0.0
B05_month_09_mean,39.665801337726606,0.0
B05_month_03_mean,39.56009206597368,0.0
zero_share,39.43821125654074,0.0
B07_mean,38.712802296974125,0.0
B8A_month_04_mean,38.646706616705124,0.0
B12_q75,38.4324937190158,0.0
B04_month_10_mean,38.34776840347613,0.0
B02_month_09_mean,38.194400947406514,0.0
B11_month_01_mean,38.06770127391106,0.0
B06_mean,37.90558371900678,0.0
B03_month_10_mean,37.70420771510641,0.0
B09_month_11_mean,37.48659492534593,0.0
B10_q25,36.48139051018506,0.0
B05_month_05_mean,36.36118744884921,0.0
B10_month_09_mean,35.87044133766424,0.0
B02_month_10_mean,35.35556840281488,0.0
B01_month_03_mean,34.86435377437381,0.0
B01_month_01_mean,34.827895825446475,0.0
B01_min,34.72739957939201,0.0
B8A_month_05_mean,34.68581981099576,0.0
B03_iqr,34.675358467601015,0.0
B09_std,34.60106973221258,0.0
B06_min,34.10650325518693,0.0
B10_mean,33.66352438873103,0.0
B10_month_05_mean,33.556525024570824,0.0
B09_month_01_mean,33.1821119487599,0.0
B02_mean,33.02889945435737,0.0
B10_median,32.96971101779514,0.0
B01_q25,32.91420053798156,0.0
B01_std,32.48211284306575,0.0
B03_std,32.44580397650808,0.0
B05_month_01_mean,32.16315491993668,0.0
B07_month_05_mean,32.09641081014305,0.0
B08_min,31.809421680588553,0.0
B10_iqr,31.47920534498097,0.0
B10_std,31.456057791285755,0.0
B10_q75,31.364946256590326,0.0
B01_mean,31.123925962884798,0.0
B09_mean,30.992009286789102,0.0
B09_month_06_mean,30.98992214705346,0.0
B09_month_03_mean,30.895291238704154,0.0
B09_q25,30.81576171411966,0.0
B02_iqr,30.765288441951792,0.0
B06_month_05_mean,30.71218832393486,0.0
B07_min,30.642083945662066,0.0
B01_median,30.6384891020776,0.0
B06_month_12_mean,30.563064953997905,0.0
B01_max,30.426206302729828,0.0
B01_month_05_mean,30.242933138842165,0.0
B8A_month_10_mean,30.184554097750254,0.0
B09_max,30.12953831411884,0.0
B09_min,30.11677466989118,0.0
B01_range,29.88406951306591,0.0
B09_range,29.79287941940056,0.0
B09_month_02_mean,29.789604767195666,0.0
B10_month_01_mean,29.33778448387005,0.0
B10_month_11_mean,29.276737745193174,0.0
B09_median,29.2694588057989,0.0
B12_iqr,29.202139601109213,0.0
B09_month_05_mean,29.118668739724484,0.0
B07_month_10_mean,29.02935944144938,0.0
B01_q75,28.90055716121497,0.0
B09_q75,28.658671594222977,0.0
B09_iqr,28.30208747291369,0.0
B06_month_10_mean,28.124954273686406,0.0
B09_month_09_mean,28.01175872184247,0.0
B01_month_10_mean,27.859476020116237,0.0
B8A_min,27.828684842797195,0.0
B07_month_12_mean,27.766150438347875,0.0
B01_iqr,27.744840956581296,0.0
B03_month_05_mean,27.701981723174292,0.0
B09_month_08_mean,27.360661866571103,2e-323
B01_month_08_mean,27.1042902125381,4.748e-320
B05_iqr,27.02178826881933,5.85196e-319
B02_std,27.01236780668895,7.79566e-319
B01_month_09_mean,26.525323090032526,2.141456151256e-312
B01_month_07_mean,26.520471315847274,2.48224866677e-312
B06_month_01_mean,26.229910756609655,1.720196102001723e-308
B8A_month_12_mean,26.223906916237578,2.065067346872447e-308
B09_month_07_mean,25.83359718996523,2.974792430808214e-303
B01_month_06_mean,25.754904334404543,3.2613154476548647e-302
B05_month_10_mean,25.651096448824557,7.676613571477051e-301
B07_month_01_mean,25.561791172903895,1.16210961777807e-299
B01_month_02_mean,25.33857898016172,1.0340510140777356e-296
B8A_month_01_mean,24.871600627502183,1.5261709450872312e-290
B10_max,24.816562922894242,8.139152914175086e-290
B10_range,24.785793717162505,2.0748661825584824e-289
B04_q75,22.257579434576613,4.792912048194653e-256
B10_month_03_mean,21.891443104690286,3.208718209169993e-251
B02_q75,21.69378572207152,1.290394848764067e-248
B11_iqr,21.686308689096656,1.6189420333507166e-248
B03_q75,21.65253626365248,4.509905248090236e-248
B09_month_10_mean,20.977869510422536,3.459363770950557e-239
B8A_q75,20.79177192221023,9.738301713490811e-237
B11_std,20.489699318394145,9.188052388014937e-233
B8A_std,20.04385968154827,6.709453414050859e-227
B07_std,19.89127537551752,6.800429489366991e-225
B12_std,19.74379056645958,5.900799950189662e-223
B07_q75,18.7698651593982,3.626313831041539e-210
B06_std,18.75796083023949,5.1957366316325064e-210
nbr_max,17.830212248281196,7.523751641684358e-198
B02_month_05_mean,17.829306138445407,7.73215170747611e-198
B10_month_10_mean,17.529559106472174,6.491326407945689e-194
B10_month_08_mean,16.886618764407284,1.6596369083362392e-185
B05_q75,16.301189252723304,7.307829896596269e-178
B06_q75,15.950756234213806,2.712573612852717e-173
B10_month_07_mean,15.435967346048468,1.3722647129597016e-166
B03_range,14.553019514254604,4.066981591652045e-155
B02_range,14.455755701749585,7.425662256621352e-154
B04_range,14.144204920875678,8.093717793970737e-150
B11_range,13.490411534509896,2.3097550195424853e-141
nbr_min,13.180792398982216,2.2859763197188926e-137
B05_std,13.166148396885614,3.531006880925118e-137
B08_range,13.107641732925778,2.005281092171419e-136
B03_max,13.012585544151506,3.366537661848334e-135
B02_max,12.455024033867318,5.015614680532851e-128
B04_max,11.810399082531994,9.22901408117368e-120
B11_max,11.723419724449588,1.196180913412285e-118
B12_range,10.941032205164937,1.138017562536194e-108
B12_max,10.772691270813985,1.5687492918681124e-106
B08_max,10.26400243408437,4.3886328779362576e-100
B05_max,8.412643304011185,6.722451638108249e-77
B06_max,8.171180455624887,6.487824276078188e-74
B8A_max,8.085970071945596,7.290373651293842e-73
B8A_range,8.07515150624727,9.909330834349083e-73
B07_max,7.984594164885481,1.2909264995896173e-71
B07_range,7.932458574510667,5.64954926211264e-71
B06_range,7.871610574446686,3.159174369589005e-70
B05_range,7.835637785534969,8.733138779491944e-70
